Date,Day,Replicate,Treatment,Salinity_Treat,Dispersal,Salinity_Measured,Calanoida,Chydoridae,Harpacticoida,Acartia,Ceriodaphnia,Ostracoda,Cyclopoida,Daphniidae,Isopoda,Simocephalus,Unknown,Nauplius,Daphnia,Rotifera,Mysid,Water mite,Marine mite,Sididae,Chironomidae,Annelida,Philopotamidae,Caddisfly,UNK INSECT,UNK CADDISFLY,Jellyfish,Scapholeberis,Mysidae,Bosminidae,Arthropoda,Rhyacophiliidae,Miridae
42166,0,A,1,13,0,13.39,116,1,53,0,0,0,0,0,0,0,0,0,0,0,0,0,0,0,0,0,0,0,0,0,0,0,0,0,0,0,0
42166,0,A,2,0,0,0.33,0,668,0,0,154,9,18,4,1,11,4,0,0,0,0,0,0,0,0,0,0,0,0,0,0,0,0,0,0,0,0
42166,0,A,3,0,1,0.33,0,31,0,0,2,0,14,0,0,0,0,0,0,0,0,0,0,0,0,0,0,0,0,0,0,0,0,0,0,0,0
42166,0,A,4,0,3,0.3,14,228,1,0,38,0,385,1,0,7,0,1,0,0,0,0,0,0,0,0,0,0,0,0,0,0,0,0,0,0,0
42166,0,A,5,5,2,5.72,268,32,8,0,0,1,0,0,0,0,0,6,0,7,0,0,0,0,0,0,0,0,0,0,0,0,0,0,0,0,0
42166,0,A,6,5,3,6.04,47,33,11,0,0,0,1,0,0,0,0,2,0,0,0,0,0,0,0,0,0,0,0,0,0,0,0,0,0,0,0
42166,0,A,7,9,2,9.57,60,8,1,0,0,6,79,0,0,0,0,20,0,0,0,0,0,0,0,0,0,0,0,0,0,0,0,0,0,0,0
42166,0,A,8,9,3,10.6,287,0,25,0,0,0,1,0,0,0,0,0,0,0,0,0,0,0,0,0,0,0,0,0,0,0,0,0,0,0,0
42166,0,A,9,13,2,15.32,397,0,40,10,0,0,2,0,0,0,0,25,0,0,0,0,0,0,0,0,0,0,0,0,0,0,0,0,0,0,0
42166,0,A,10,13,3,13.41,74,0,42,0,0,0,0,0,0,0,0,21,0,0,1,3,0,0,0,0,0,0,0,0,0,0,0,0,0,0,0
42166,0,A,11,0,2,0.34,0,161,1,0,8,4,60,2,0,11,0,0,0,0,0,0,0,2,0,0,0,0,0,0,0,0,0,0,0,0,0
42166,0,B,1,13,0,13.35,20,1,20,0,0,0,0,0,0,0,0,0,0,0,0,0,0,0,0,0,0,0,0,0,0,0,0,0,0,0,0
42166,0,B,2,0,0,0.32,0,139,0,0,0,21,95,2,0,0,0,1,0,0,0,0,0,0,0,0,0,0,0,0,0,0,0,0,0,0,0
42166,0,B,3,0,1,0.29,0,169,0,0,3,6,200,2,0,3,0,0,0,0,0,0,0,0,0,0,0,0,0,0,0,0,0,0,0,0,0
42166,0,B,4,0,3,0.31,0,544,0,0,41,8,120,1,0,13,0,0,0,0,0,0,0,0,0,0,0,0,0,0,0,0,0,0,0,0,0
42166,0,B,5,5,2,7.06,36,3,1,0,0,0,0,0,0,0,0,0,0,0,0,0,0,0,0,0,0,0,0,0,0,0,0,0,0,0,0
42166,0,B,6,5,3,6.12,126,26,2,0,0,0,0,0,1,0,0,0,0,0,0,0,0,0,0,0,0,0,0,0,0,0,0,0,0,0,0
42166,0,B,7,9,2,,0,0,0,0,0,0,0,0,0,0,0,0,0,0,0,0,0,0,0,0,0,0,0,0,0,0,0,0,0,0,0
42166,0,B,8,9,3,10.11,7,0,4,0,0,0,2,0,0,0,0,0,0,0,0,0,0,0,0,0,0,0,0,0,0,0,0,0,0,0,0
42166,0,B,9,13,2,13.18,34,0,55,0,0,0,2,0,0,0,0,7,0,0,0,0,0,0,0,0,0,0,0,0,0,0,0,0,0,0,0
42166,0,B,10,13,3,12.76,7,0,2,0,0,0,0,0,0,0,2,0,0,0,0,0,2,0,0,0,0,0,0,0,0,0,0,0,0,0,0
42166,0,B,11,0,2,0.33,0,95,0,0,1,3,53,0,0,0,0,0,0,0,0,0,0,0,0,0,0,0,0,0,0,0,0,0,0,0,0
42166,0,C,1,13,0,13.85,17,0,0,3,1,1,0,0,0,0,0,0,0,0,0,0,0,0,0,0,0,0,0,0,0,0,0,0,0,0,0
42166,0,C,2,0,0,0.3,18,288,0,0,84,5,83,9,0,24,3,1,0,0,0,0,0,0,0,0,0,0,0,0,0,0,0,0,0,0,0
42166,0,C,3,0,1,0.33,2,150,0,0,51,10,27,1,0,1,0,0,0,0,0,0,0,0,0,0,0,0,0,0,0,0,0,0,0,0,0
42166,0,C,4,0,3,0.33,2,183,0,0,25,7,8,1,0,8,1,1,0,0,0,0,0,0,0,0,0,0,0,0,0,0,0,0,0,0,0
42166,0,C,5,5,2,5.18,0,0,0,0,0,0,0,0,0,0,0,0,0,0,0,0,0,0,0,0,0,0,0,0,0,0,0,0,0,0,0
42166,0,C,6,5,3,5.39,13,0,0,0,0,0,0,0,0,0,0,0,0,0,0,0,0,0,0,0,0,0,0,0,0,0,0,0,0,0,0
42166,0,C,7,9,2,9.24,34,1,11,0,0,0,11,0,0,0,0,0,0,0,0,0,0,0,0,0,0,0,0,0,0,0,0,0,0,0,0
42166,0,C,8,9,3,9.68,15,0,2,0,0,0,0,0,0,0,0,0,0,0,0,0,0,0,0,0,0,0,0,0,0,0,0,0,0,0,0
42166,0,C,9,13,2,13.43,10,0,2,2,0,0,1,0,0,0,0,0,0,0,0,0,0,0,0,0,0,0,0,0,0,0,0,0,0,0,0
42166,0,C,10,13,3,13.12,8,0,0,0,0,0,2,0,0,0,0,0,0,0,0,0,0,0,0,0,0,0,0,0,0,0,0,0,0,0,0
42166,0,C,11,0,2,0.31,2,3,0,0,9,0,0,0,0,2,0,0,0,0,0,0,0,0,0,0,0,0,0,0,0,0,0,0,0,0,0
42166,0,D,1,13,0,12.91,73,11,14,0,0,0,9,0,0,0,0,0,0,0,0,0,0,0,0,0,0,0,0,0,0,0,0,0,0,0,0
42166,0,D,2,0,0,0.32,0,26,0,0,0,1,78,0,0,0,0,0,0,0,0,0,0,0,0,0,0,0,0,0,0,0,0,0,0,0,0
42166,0,D,3,0,1,0.32,0,117,0,0,3,0,2,0,0,0,0,0,2,0,0,0,0,0,0,0,0,0,0,0,0,0,0,0,0,0,0
42166,0,D,4,0,3,0.32,5,32,0,0,0,2,12,0,0,0,2,1,0,0,0,0,0,0,0,0,0,0,0,0,0,0,0,0,0,0,0
42166,0,D,5,5,2,7.28,8,0,0,0,0,0,0,0,0,0,0,0,0,0,0,0,0,0,0,0,0,0,0,0,0,0,0,0,0,0,0
42166,0,D,6,5,3,5.17,31,2,0,0,0,0,1,0,0,0,0,0,0,0,0,0,0,0,0,0,0,0,0,0,0,0,0,0,0,0,0
42166,0,D,7,9,2,9.64,9,0,0,0,0,0,0,0,0,0,0,0,0,0,0,0,0,0,0,0,0,0,0,0,0,0,0,0,0,0,0
42166,0,D,8,9,3,9.16,11,0,0,0,0,0,0,0,0,0,0,0,0,0,0,0,0,0,0,0,0,0,0,0,0,0,0,0,0,0,0
42166,0,D,9,13,2,13,11,0,0,0,0,0,0,0,0,0,0,0,0,0,0,0,0,0,0,0,0,0,0,0,0,0,0,0,0,0,0
42166,0,D,10,13,3,12.5,33,0,0,0,0,0,0,0,0,0,0,0,0,0,0,0,0,0,0,0,0,0,0,0,0,0,0,0,0,0,0
42166,0,D,11,0,2,0.3,0,20,1,0,0,1,32,0,0,0,0,5,0,0,0,0,0,0,0,0,0,0,0,0,0,0,0,0,0,0,0
42175,9,A,1,13,0,14.94,40,0,0,0,0,0,11,0,0,0,0,0,0,0,0,0,0,0,0,0,0,0,0,0,0,0,0,0,0,0,0
42175,9,A,2,0,0,0.35,0,565,0,0,102,9,165,0,0,22,0,0,0,0,0,0,0,0,0,0,0,0,0,0,0,0,0,0,0,0,0
42175,9,A,3,0,1,0.34,0,175,0,0,11,0,282,1,0,4,0,0,0,0,0,0,0,0,0,1,0,0,0,0,0,0,0,0,0,0,0
42175,9,A,4,0,3,0.45,0,61,0,0,37,8,73,0,0,6,0,0,0,0,0,0,0,0,0,0,0,0,0,0,0,0,0,0,0,0,0
42175,9,A,5,5,2,6.38,36,37,2,0,0,0,5,0,0,0,0,0,0,0,0,0,0,0,0,0,0,0,0,0,0,0,0,0,0,0,0
42175,9,A,6,5,3,6.76,84,36,6,0,0,18,2,0,0,0,0,0,0,0,0,0,0,0,0,0,0,0,1,0,0,0,0,0,0,0,0
42175,9,A,7,9,2,10.53,2,0,7,0,0,0,7,0,0,0,0,0,0,0,0,0,0,0,0,0,0,0,0,0,0,0,0,0,0,0,0
42175,9,A,8,9,3,11.81,1,0,4,0,0,0,1,0,0,0,0,0,0,0,0,0,0,0,0,0,0,0,0,0,0,0,0,0,0,0,0
42175,9,A,9,13,2,16.98,28,0,30,0,0,0,0,0,0,0,0,0,0,0,0,0,0,0,0,0,0,0,0,0,0,0,0,0,0,0,0
42175,9,A,10,13,3,15.04,124,0,0,3,0,0,1,0,0,0,0,0,0,0,0,0,0,0,0,0,0,0,0,0,0,0,0,0,0,0,0
42175,9,A,11,0,2,0.42,0,462,0,0,14,0,135,0,0,2,0,0,0,0,0,0,0,0,0,0,0,0,0,0,0,0,0,0,0,0,0
42175,9,B,1,13,0,14.5,24,0,54,0,0,0,0,0,0,0,0,0,0,0,0,0,0,0,1,0,0,0,0,0,0,0,0,0,0,0,0
42175,9,B,2,0,0,0.35,0,28,0,0,1,16,571,0,0,0,0,0,0,0,0,0,0,0,1,0,0,0,0,0,0,0,0,0,0,0,0
42175,9,B,3,0,1,0.31,0,4,0,0,0,0,187,0,0,0,0,0,0,0,0,0,0,0,0,0,1,0,0,0,0,0,0,0,0,0,0
42175,9,B,4,0,3,0.42,0,1731,0,0,302,16,104,0,0,42,0,0,0,0,0,0,0,0,0,0,0,1,0,0,0,0,0,0,0,0,0
42175,9,B,5,5,2,7.75,10,15,23,0,0,8,1,0,0,0,0,0,0,0,0,0,0,0,0,0,0,0,0,0,0,0,0,0,0,0,0
42175,9,B,6,5,3,6.71,116,57,8,0,0,2,2,0,0,0,0,0,0,0,0,0,0,0,1,0,0,0,0,1,0,0,0,0,0,0,0
42175,9,B,7,9,2,,0,0,0,0,0,0,0,0,0,0,0,0,0,0,0,0,0,0,0,0,0,0,0,0,0,0,0,0,0,0,0
42175,9,B,8,9,3,11.03,0,1,0,0,0,1,3,0,0,0,0,0,0,0,0,0,0,0,0,0,0,0,0,0,0,0,0,0,0,0,0
42175,9,B,9,13,2,14.24,25,1,63,0,0,0,0,0,0,0,0,0,0,0,0,0,0,0,0,0,0,0,0,0,0,0,0,0,0,0,0
42175,9,B,10,13,3,13.87,36,0,39,1,0,0,0,0,0,0,0,0,0,0,0,0,0,0,0,0,0,0,0,0,0,0,0,0,0,0,0
42175,9,B,11,0,2,0.4,0,23,0,0,0,19,426,0,0,0,0,0,0,0,0,0,0,0,0,0,0,0,0,0,0,0,0,0,0,0,0
42175,9,C,1,13,0,15.22,12,0,0,7,0,0,51,0,0,0,0,0,0,0,0,0,0,0,0,0,0,0,0,0,0,0,0,0,0,0,0
42175,9,C,2,0,0,0.32,0,507,0,0,253,17,159,1,0,49,0,0,0,0,0,0,0,0,0,0,0,0,0,0,0,0,0,0,0,0,0
42175,9,C,3,0,1,0.36,0,288,0,0,0,7,121,0,0,13,0,0,0,0,0,0,0,0,0,0,0,0,0,0,0,0,0,0,0,0,0
42175,9,C,4,0,3,0.41,0,216,0,0,41,10,818,1,0,5,0,0,0,0,0,0,0,0,0,0,0,1,0,0,0,0,0,0,0,0,0
42175,9,C,5,5,2,5.64,1,1,0,0,0,0,3,0,0,0,0,0,0,0,0,0,0,0,0,0,0,0,0,0,0,0,0,0,0,0,0
42175,9,C,6,5,3,5.9,2,1,16,0,0,0,0,0,0,0,0,0,0,0,0,0,0,0,0,0,0,0,0,0,0,0,0,0,0,0,0
42175,9,C,7,9,2,10.16,27,0,157,0,0,0,14,0,0,0,0,0,0,0,0,0,0,0,0,0,0,0,0,0,1,0,0,0,0,0,0
42175,9,C,8,9,3,10.62,0,0,0,0,0,0,14,0,0,0,0,0,0,0,0,0,0,0,0,0,0,0,0,0,0,0,0,0,0,0,0
42175,9,C,9,13,2,14.61,33,0,0,2,0,0,90,0,0,0,0,0,0,0,0,0,0,0,0,0,0,0,0,0,0,0,0,0,0,0,0
42175,9,C,10,13,3,14.26,132,0,133,0,0,0,0,0,0,0,0,0,0,0,0,0,0,0,0,0,0,0,0,0,0,0,0,0,0,0,0
42175,9,C,11,0,2,0.4,0,140,0,0,92,8,285,3,0,15,0,0,0,0,0,0,0,0,0,0,0,0,0,0,0,4,0,0,0,0,0
42175,9,D,1,13,0,14.16,125,0,145,0,0,0,0,0,0,0,0,0,0,0,0,0,0,0,0,0,0,0,0,0,0,0,0,0,0,0,0
42175,9,D,2,0,0,8.33,0,15,0,0,0,8,261,0,0,0,0,0,0,0,0,0,0,0,0,0,0,0,0,0,0,0,0,0,0,0,0
42175,9,D,3,0,1,0.32,0,51,0,0,0,8,406,0,0,0,0,0,0,0,0,0,0,0,0,0,1,0,0,0,0,0,0,0,0,0,0
42175,9,D,4,0,3,0.38,0,4,0,0,0,35,145,0,0,0,0,0,0,0,0,0,0,0,0,0,0,0,0,0,0,0,0,0,0,0,0
42175,9,D,5,5,2,8.06,6,25,46,0,0,58,3,0,0,0,0,0,0,0,0,0,0,0,0,0,0,0,0,0,0,0,0,0,0,0,0
42175,9,D,6,5,3,5.84,37,93,1,0,0,1,2,0,0,0,0,0,0,0,0,0,0,0,0,0,0,0,0,0,0,0,0,0,0,0,0
42175,9,D,7,9,2,10.68,8,0,11,1,0,0,0,0,0,0,0,0,0,0,0,0,0,0,0,0,0,0,0,0,0,0,0,0,0,0,0
42175,9,D,8,9,3,9.97,15,0,0,0,0,0,8,0,0,0,0,0,0,0,0,0,0,0,0,0,0,0,0,0,0,0,0,0,0,0,0
42175,9,D,9,13,2,14.37,12,0,44,0,0,0,11,0,0,0,0,1,0,0,0,0,0,0,0,0,0,0,0,0,0,0,0,0,0,0,0
42175,9,D,10,13,3,13.61,28,0,1,1,0,0,0,0,0,0,0,0,0,0,0,0,0,0,1,0,0,0,0,0,0,0,0,0,0,0,0
42175,9,D,11,0,2,0.34,0,23,0,0,0,43,325,0,0,0,0,0,0,0,0,0,0,0,0,0,0,1,0,0,0,0,0,0,0,0,0
42184,18,A,1,13,0,14.3,8,0,0,0,0,1,0,0,0,0,0,0,0,0,0,0,0,0,0,0,0,0,0,0,0,0,0,0,0,0,0
42184,18,A,2,0,0,0.34,0,39,0,0,18,8,77,0,0,1,0,2,0,0,0,0,0,0,0,0,0,0,0,0,0,0,0,0,0,0,0
42184,18,A,3,0,1,0.33,0,393,0,0,242,58,511,0,0,15,0,0,0,0,0,0,0,0,0,0,0,0,0,0,0,0,0,0,0,0,0
42184,18,A,4,0,3,0.4,0,349,0,0,67,50,172,0,0,4,0,0,0,0,0,0,0,0,0,0,0,0,0,0,0,0,0,0,0,0,0
42184,18,A,5,5,2,5.33,65,46,3,0,0,1,92,0,0,0,0,43,0,0,0,0,0,0,0,0,0,0,0,0,0,0,0,1,0,0,0
42184,18,A,6,5,3,5.58,73,2,11,0,0,0,12,1,0,0,0,0,0,0,0,0,0,0,0,0,0,0,0,0,0,0,0,0,0,0,0
42184,18,A,7,9,2,10.06,40,17,298,0,0,0,136,0,0,0,0,0,0,0,0,0,0,0,0,0,0,0,0,0,0,0,0,0,0,0,0
42184,18,A,8,9,3,10.11,7,0,17,0,0,0,11,0,0,0,0,0,0,0,0,0,0,0,0,0,0,0,0,0,0,0,0,0,0,0,0
42184,18,A,9,13,2,12.17,0,0,6,0,0,0,0,0,0,0,0,0,0,0,0,0,0,0,0,0,0,0,0,0,0,0,0,0,0,0,0
42184,18,A,10,13,3,13.6,62,0,2,1,0,0,1,0,0,0,0,0,0,0,0,0,0,0,0,0,0,0,0,0,0,0,0,0,0,0,0
42184,18,A,11,0,2,0.43,0,121,1,0,90,16,393,4,0,14,0,0,0,0,0,0,0,0,0,0,0,0,0,0,0,0,0,0,0,0,0
42184,18,B,1,13,0,14.33,68,0,7,0,0,0,146,0,0,0,0,19,0,0,0,0,0,0,0,0,0,0,0,0,0,0,0,0,0,0,0
42184,18,B,2,0,0,0.33,0,82,0,0,1,23,377,0,0,1,0,0,0,0,0,0,0,0,0,0,0,0,0,0,0,0,0,0,0,0,0
42184,18,B,3,0,1,0.31,0,171,0,0,0,19,958,0,0,0,0,0,0,0,0,0,0,0,0,0,0,0,0,0,0,0,0,0,0,0,0
42184,18,B,4,0,3,0.48,0,352,0,0,27,7,285,0,0,5,0,1,0,0,0,0,0,0,0,0,0,0,0,0,0,0,0,1,0,0,0
42184,18,B,5,5,2,6.48,34,6,10,0,0,2,50,0,0,0,0,0,0,115,0,0,0,0,0,0,0,0,0,0,0,0,0,0,0,0,0
42184,18,B,6,5,3,5.76,31,7,0,0,0,3,3,0,0,0,0,15,0,0,0,0,0,0,0,0,0,0,0,0,0,0,0,0,0,0,0
42184,18,B,7,9,2,,0,0,0,0,0,0,0,0,0,0,0,0,0,0,0,0,0,0,0,0,0,0,0,0,0,0,0,0,0,0,0
42184,18,B,8,9,3,9.1,2,0,3,0,0,0,2,0,0,0,0,0,0,0,0,0,0,0,0,0,0,0,0,0,0,0,0,0,0,0,0
42184,18,B,9,13,2,14.29,86,0,89,0,0,0,0,0,0,0,0,2,0,0,0,0,0,0,0,0,0,0,0,0,0,0,0,0,0,0,0
42184,18,B,10,13,3,13.25,16,0,7,0,0,0,0,0,0,0,0,0,0,0,0,0,0,0,0,0,0,0,0,0,0,0,0,0,0,0,0
42184,18,B,11,0,2,0.41,0,6,1,0,0,0,235,0,0,0,0,4,0,0,0,0,0,0,0,0,0,0,0,0,0,0,0,0,0,0,0
42184,18,C,1,13,0,13.31,32,0,0,3,0,0,6,0,0,0,0,0,0,0,0,0,0,0,0,0,0,0,0,0,0,0,0,0,0,0,0
42184,18,C,2,0,0,0.31,0,279,1,0,192,75,323,3,0,21,0,1,0,0,0,0,0,0,0,0,0,0,0,0,0,0,0,1,0,0,0
42184,18,C,3,0,1,0.34,0,163,0,0,59,18,76,0,0,11,0,0,0,0,0,0,0,0,0,0,0,0,0,0,0,0,0,0,0,0,0
42184,18,C,4,0,3,0.45,0,6,0,0,2,15,27,0,0,0,0,0,0,0,0,0,0,0,0,0,0,0,0,0,0,0,0,0,0,0,0
42184,18,C,5,5,2,5.38,6,2,0,0,0,0,7,0,0,0,0,2,0,0,0,0,0,0,0,0,0,0,0,0,0,0,0,0,0,0,0
42184,18,C,6,5,3,5.68,5,2,0,0,0,1,8,0,0,0,0,2,0,0,0,0,0,0,0,0,0,0,0,0,0,0,0,0,0,0,0
42184,18,C,7,9,2,8.58,4,0,0,0,0,0,23,0,0,0,0,0,0,0,0,0,0,0,0,0,0,0,0,0,0,0,0,0,0,0,0
42184,18,C,8,9,3,8.76,27,0,84,2,0,0,0,0,0,0,0,0,0,0,0,0,0,0,0,0,0,0,0,0,0,0,0,0,0,0,0
42184,18,C,9,13,2,13.78,31,0,2,0,0,0,68,1,0,0,0,0,0,0,0,0,0,0,0,0,0,0,0,0,0,0,0,0,0,0,0
42184,18,C,10,13,3,12.16,27,0,3,1,0,0,16,0,0,0,0,1,0,0,0,0,0,0,0,0,0,0,0,0,0,0,0,0,0,0,0
42184,18,C,11,0,2,0.43,0,115,0,0,87,25,215,1,0,20,0,1,0,0,0,0,0,0,0,0,0,0,0,0,0,0,0,0,0,0,0
42184,18,D,1,13,0,12.83,47,1,242,0,0,0,2,0,0,0,0,3,0,1,0,0,0,0,0,0,0,0,0,0,0,0,1,0,0,0,0
42184,18,D,2,0,0,0.32,0,15,0,0,0,16,315,0,0,0,0,0,0,0,0,0,0,0,0,0,0,0,0,0,0,0,0,0,0,0,0
42184,18,D,3,0,1,0.32,0,86,1,0,3,179,404,0,0,1,0,1,0,0,0,0,0,0,0,0,0,0,0,0,0,0,0,0,0,0,0
42184,18,D,4,0,3,0.43,0,109,0,0,0,57,407,0,0,0,0,0,0,0,0,0,0,0,0,0,0,0,0,0,0,0,0,0,0,0,0
42184,18,D,5,5,2,5.28,0,4,0,0,0,11,11,0,0,0,0,1,0,0,0,0,0,0,0,0,0,0,0,0,0,0,0,0,0,0,0
42184,18,D,6,5,3,5.58,50,38,0,0,0,3,17,0,0,0,0,3,0,0,0,0,0,0,0,0,0,0,0,0,0,0,0,0,1,0,0
42184,18,D,7,9,2,8.92,42,0,1,7,0,0,27,0,0,0,0,11,0,0,0,0,0,0,0,0,0,0,0,0,0,0,0,0,0,0,0
42184,18,D,8,9,3,9.49,0,0,0,0,0,0,21,0,0,0,0,6,0,0,0,0,0,0,0,0,0,0,0,0,0,0,0,0,0,0,0
42184,18,D,9,13,2,13.56,96,0,0,0,0,0,2,0,0,0,0,0,0,0,0,0,0,0,0,0,0,0,0,0,0,0,0,0,0,0,0
42184,18,D,10,13,3,13.57,35,0,0,2,0,0,82,0,0,0,0,41,0,0,0,0,0,0,0,0,0,0,0,0,0,0,0,0,0,0,0
42184,18,D,11,0,2,0.38,0,6,0,0,0,6,77,0,0,0,0,1,0,0,0,0,0,0,0,0,0,0,0,0,0,0,0,0,0,0,0
42193,27,A,1,13,0,11.2,0,0,0,0,0,0,0,0,0,0,0,0,0,0,0,0,0,0,0,0,0,0,0,0,0,0,0,0,0,0,0
42193,27,A,2,0,0,0.25,0,99,0,0,2,57,588,1,0,0,0,0,0,0,0,0,0,0,0,0,0,0,0,0,0,0,0,0,0,0,0
42193,27,A,3,0,1,0.27,0,93,0,0,22,3,214,0,0,0,0,0,0,0,0,0,0,0,0,0,0,0,0,0,0,0,0,0,0,0,0
42193,27,A,4,0,3,0.47,0,147,0,0,26,11,176,0,0,2,0,0,0,0,0,0,0,0,0,0,0,0,0,0,0,0,0,0,0,0,0
42193,27,A,5,5,2,4.23,0,0,0,0,0,0,0,0,0,0,0,0,0,0,0,0,0,0,0,0,0,0,0,0,0,0,0,0,0,0,0
42193,27,A,6,5,3,4.37,388,2,22,0,0,1,1,0,0,0,0,1,0,0,0,0,0,0,0,0,0,0,0,0,0,0,0,0,0,0,0
42193,27,A,7,9,2,7.63,1393,1,1512,0,0,0,14,0,0,0,0,0,0,0,0,0,0,0,0,0,0,0,0,0,0,0,0,0,0,0,0
42193,27,A,8,9,3,8.32,96,17,52,0,0,0,427,0,0,0,0,0,0,0,0,0,0,0,0,0,0,0,0,0,0,0,0,0,0,0,0
42193,27,A,9,13,2,10.61,6,0,0,0,0,0,0,0,0,0,0,0,0,0,0,0,0,0,0,0,0,0,0,0,0,0,0,0,0,0,0
42193,27,A,10,13,3,10.63,187,0,5,0,0,0,5,0,0,0,0,0,0,0,0,0,0,0,0,0,0,0,0,0,0,0,0,0,0,0,0
42193,27,A,11,0,2,0.4,0,59,0,0,1,0,50,0,0,0,0,1,0,0,0,0,0,0,0,0,0,0,0,0,0,0,0,0,0,0,0
42193,27,B,1,13,0,11.49,35,0,9,0,0,0,5,0,0,0,0,0,0,0,0,0,0,0,0,0,0,0,0,0,0,0,0,0,0,0,0
42193,27,B,2,0,0,0.25,0,238,0,0,2,12,1461,0,0,0,0,1,0,0,0,0,0,0,0,0,0,0,0,0,0,0,0,0,0,0,0
42193,27,B,3,0,1,0,0,11,0,0,0,0,115,0,0,0,0,0,0,0,0,0,0,0,0,0,0,0,0,0,0,0,0,0,0,0,0
42193,27,B,4,0,3,0.45,0,47,0,0,10,2,704,0,0,0,0,0,0,0,0,0,0,0,0,0,0,0,0,0,0,0,0,0,0,0,0
42193,27,B,5,5,2,4.94,0,0,0,0,0,0,0,0,0,0,0,0,0,0,0,0,0,0,0,0,0,0,0,0,0,0,0,0,0,0,0
42193,27,B,6,5,3,4.48,415,22,8,0,0,10,3,0,0,0,0,0,0,1,0,0,0,0,0,0,0,0,0,0,0,0,0,0,0,0,0
42193,27,B,7,9,2,,0,0,0,0,0,0,0,0,0,0,0,0,0,0,0,0,0,0,0,0,0,0,0,0,0,0,0,0,0,0,0
42193,27,B,8,9,3,7.81,104,4,47,0,0,14,117,0,0,0,0,0,0,0,0,0,0,0,0,0,0,0,0,0,0,0,0,0,0,0,0
42193,27,B,9,13,2,11.18,21,0,100,0,0,0,0,0,0,0,0,0,0,0,0,0,0,0,0,0,0,0,0,0,0,0,0,0,0,0,0
42193,27,B,10,13,3,10.93,114,0,37,0,0,0,0,0,0,0,0,2,0,62,0,0,0,0,0,0,0,0,0,0,0,0,0,0,0,0,0
42193,27,B,11,0,2,0.37,0,91,0,0,1,70,3258,0,0,0,0,1,0,0,0,0,0,0,0,0,0,0,0,0,0,0,0,0,0,0,0
42193,27,C,1,13,0,10.41,22,0,1,0,0,0,0,0,0,0,0,0,0,0,0,0,0,0,0,0,0,0,0,0,0,0,0,0,0,0,0
42193,27,C,2,0,0,0.23,0,402,0,0,207,16,832,13,0,6,0,0,0,0,0,0,0,0,0,0,0,0,0,0,0,0,0,0,0,0,0
42193,27,C,3,0,1,0.25,0,81,0,0,41,6,150,0,0,5,0,0,0,0,0,0,0,0,0,0,0,0,0,0,0,0,0,0,0,0,0
42193,27,C,4,0,3,0.44,0,342,0,0,119,28,222,0,0,0,0,0,0,0,0,0,0,0,0,0,0,0,0,0,0,0,0,0,0,0,0
42193,27,C,5,5,2,4.14,42,5,0,0,0,1,49,0,0,0,0,1,0,0,0,0,0,0,0,0,0,0,0,0,0,0,0,0,0,0,0
42193,27,C,6,5,3,4.64,53,1,12,1,0,0,0,0,0,0,0,1,0,0,0,0,0,0,0,0,0,0,0,0,0,0,0,0,0,0,0
42193,27,C,7,9,2,7.33,9,0,0,0,0,0,25,0,0,0,0,0,0,0,0,0,0,0,0,0,0,0,0,0,0,0,0,0,0,0,0
42193,27,C,8,9,3,8.35,247,0,407,9,0,0,1,0,0,0,0,0,0,0,0,0,0,0,0,0,0,0,0,0,0,0,0,0,0,0,0
42193,27,C,9,13,2,11.19,51,0,531,2,0,0,1,0,0,0,0,1,0,0,0,0,0,0,0,0,0,0,0,0,0,0,0,0,0,0,0
42193,27,C,10,13,3,10.25,78,0,10,0,0,0,0,0,0,0,0,0,0,0,0,0,0,0,0,0,0,0,0,0,0,0,0,0,0,0,0
42193,27,C,11,0,2,0.38,0,71,0,0,3,18,113,0,0,0,0,0,0,0,0,0,0,0,0,0,0,0,0,0,0,0,0,0,0,0,0
42193,27,D,1,13,0,9.3,14,0,1,0,0,0,89,0,0,0,0,0,0,0,0,0,0,0,0,0,0,0,0,0,0,0,0,0,0,0,0
42193,27,D,2,0,0,0.24,0,45,0,0,0,6,204,0,0,0,0,0,0,0,0,0,0,0,0,0,0,0,0,0,0,0,0,0,0,0,0
42193,27,D,3,0,1,0.25,0,128,0,0,0,20,1703,0,0,0,0,0,0,0,0,0,0,0,0,0,1,0,0,0,0,0,0,0,0,0,0
42193,27,D,4,0,3,0.42,0,17,0,0,0,9,272,0,0,0,0,0,0,0,0,0,0,0,0,0,0,0,0,0,0,0,0,0,0,0,0
42193,27,D,5,5,2,4.43,6,4,0,0,0,10,18,0,0,0,0,0,0,0,0,0,0,0,0,0,0,0,0,0,0,0,0,0,0,0,0
42193,27,D,6,5,3,4.37,102,27,4,0,0,36,6,0,0,0,0,0,0,0,0,0,0,0,0,0,0,0,0,0,0,0,0,0,0,0,0
42193,27,D,7,9,2,7.84,219,0,243,0,0,5,2,0,0,0,0,0,0,0,0,0,0,0,0,0,0,0,0,0,0,0,0,0,0,0,0
42193,27,D,8,9,3,7.81,18,0,132,1,0,0,0,0,0,0,0,0,0,0,0,0,0,0,0,0,0,0,0,0,0,0,0,0,0,0,0
42193,27,D,9,13,2,11.15,1,0,0,0,0,0,230,0,0,0,0,11,0,0,0,0,0,0,0,0,0,0,0,0,0,0,0,0,0,0,0
42193,27,D,10,13,3,11.57,207,0,177,0,0,0,91,0,0,0,0,0,0,0,0,0,0,0,0,0,0,0,0,0,0,0,0,0,0,0,0
42193,27,D,11,0,2,0.33,0,64,0,0,1,10,448,0,0,0,0,0,0,0,0,0,0,0,0,0,0,0,0,0,0,0,0,0,0,0,0
42202,36,A,1,13,0,11.44,0,0,0,0,0,0,0,0,0,0,0,0,0,0,0,0,0,0,0,0,0,0,0,0,1,0,0,0,0,0,0
42202,36,A,2,0,0,0.26,0,10,0,0,0,3,451,0,0,0,0,0,0,0,0,0,0,0,0,0,0,0,0,0,0,0,0,0,0,0,0
42202,36,A,3,0,1,0.27,1,0,0,0,0,20,548,0,0,0,0,3,0,0,0,0,0,0,0,0,0,0,0,0,0,0,0,0,0,0,0
42202,36,A,4,0,3,0.53,0,26,0,0,4,18,251,0,0,0,0,0,0,0,0,0,0,0,0,0,0,0,0,0,0,0,0,0,0,0,0
42202,36,A,5,5,2,4.33,2,0,19,0,0,28,483,0,0,0,0,0,0,2,0,1,0,0,0,0,0,0,0,0,0,0,0,0,0,0,0
42202,36,A,6,5,3,4.51,168,1,20,0,0,6,2,0,0,0,0,0,0,0,0,0,0,0,0,0,0,0,0,0,0,0,0,0,0,0,0
42202,36,A,7,9,2,7.77,97,0,91,0,0,0,10,0,0,0,0,0,0,0,0,0,0,0,0,0,0,0,0,0,0,0,0,0,0,0,0
42202,36,A,8,9,3,8.54,0,0,97,0,0,0,0,0,0,0,0,0,0,0,0,0,0,0,0,0,0,0,0,0,0,0,0,0,0,0,0
42202,36,A,9,13,2,10.55,0,0,0,0,0,0,1,0,0,0,0,0,0,0,0,0,0,0,0,0,0,0,0,0,0,0,0,0,0,0,0
42202,36,A,10,13,3,10.92,167,0,0,0,0,0,5,0,0,0,0,0,0,0,0,0,0,0,0,0,0,0,0,0,0,0,0,0,0,0,0
42202,36,A,11,0,2,0.44,0,10,0,0,1,2,739,0,0,0,0,0,0,0,0,0,0,0,0,0,0,0,0,0,0,0,0,0,0,0,0
42202,36,B,1,13,0,11.76,31,0,0,11,0,0,11,0,0,0,0,0,0,0,0,0,0,0,0,0,0,0,0,0,0,0,0,0,0,0,0
42202,36,B,2,0,0,0.25,0,1,1,0,0,1,90,0,0,0,0,0,0,0,0,0,0,0,0,0,0,0,0,0,0,0,0,0,0,0,0
42202,36,B,3,0,1,0.25,0,108,0,0,0,35,2155,0,0,0,2,0,0,0,0,0,0,0,0,0,0,0,0,0,0,0,0,0,0,0,0
42202,36,B,4,0,3,0.51,0,3,0,0,4,13,853,0,0,0,0,0,0,0,0,0,0,0,0,0,0,0,0,0,0,0,0,0,0,0,0
42202,36,B,5,5,2,5.02,36,0,17,1,0,32,148,0,0,0,0,0,0,0,0,0,0,0,0,0,0,0,0,0,0,0,0,0,0,0,0
42202,36,B,6,5,3,4.58,21,1,8,0,0,8,0,0,0,0,0,0,0,0,0,0,0,0,0,0,0,0,0,0,0,0,0,0,0,0,0
42202,36,B,7,9,2,,0,0,0,0,0,0,0,0,0,0,0,0,0,0,0,0,0,0,0,0,0,0,0,0,0,0,0,0,0,0,0
42202,36,B,8,9,3,8,66,0,331,4,0,0,8,0,0,0,0,0,0,0,0,0,0,0,0,0,0,0,0,0,0,0,0,0,0,0,0
42202,36,B,9,13,2,11.33,4,0,13,0,0,0,18,0,0,0,0,0,0,0,0,0,0,0,0,0,0,0,0,0,0,0,0,0,0,0,0
42202,36,B,10,13,3,11.11,612,0,1082,11,0,0,1,0,0,0,0,0,0,12,0,0,0,0,0,0,0,0,0,0,0,0,0,0,0,1,0
42202,36,B,11,0,2,0.39,0,9,0,0,2,0,936,0,0,0,0,0,0,0,0,0,0,0,0,0,0,0,0,0,0,0,0,0,0,0,0
42202,36,C,1,13,0,10.51,2,0,0,0,0,0,0,0,0,0,0,0,0,0,0,0,0,0,0,0,0,0,0,0,0,0,0,0,0,0,0
42202,36,C,2,0,0,0.23,2,156,0,0,142,18,297,0,0,5,0,0,0,0,0,0,0,0,0,0,0,0,0,0,0,0,0,0,0,0,0
42202,36,C,3,0,1,0.25,0,38,0,0,27,3,157,0,0,0,0,0,0,0,0,0,0,0,0,0,0,0,0,0,0,0,0,0,0,0,0
42202,36,C,4,0,3,0.48,0,53,1,0,20,16,98,0,0,1,0,0,0,0,0,0,0,0,0,0,0,0,0,0,0,0,0,0,0,0,0
42202,36,C,5,5,2,4.19,62,6,18,0,0,0,48,0,0,0,0,0,0,0,0,0,0,0,0,0,0,0,0,0,0,0,0,0,0,0,0
42202,36,C,6,5,3,4.71,44,5,5,0,0,0,7,0,0,0,0,0,0,0,0,0,0,0,0,0,0,0,0,0,0,0,0,0,0,0,0
42202,36,C,7,9,2,7.41,6,0,28,0,0,0,0,0,0,0,0,1,0,0,0,0,0,0,0,0,0,0,0,0,0,0,0,0,0,0,0
42202,36,C,8,9,3,8.45,6,0,0,0,0,1,112,0,0,0,0,0,0,0,0,0,0,0,0,0,0,0,0,0,0,0,0,0,0,0,0
42202,36,C,9,13,2,11.34,174,0,913,0,0,0,0,0,0,0,0,0,0,0,0,0,0,0,0,0,0,0,0,0,0,0,0,0,0,0,0
42202,36,C,10,13,3,10.45,25,0,12,0,0,0,10,0,0,0,0,0,0,0,0,0,0,0,0,0,0,0,0,0,0,0,0,0,0,0,0
42202,36,C,11,0,2,0.41,0,21,0,0,55,11,147,0,0,15,0,0,0,0,0,0,0,0,0,0,0,0,0,0,0,0,0,0,0,0,0
42202,36,D,1,13,0,9.35,29,0,137,0,0,0,37,0,0,0,0,0,0,0,0,0,0,0,0,0,0,0,0,0,0,0,0,0,0,0,0
42202,36,D,2,0,0,0.24,0,57,0,0,0,17,314,0,0,0,0,2,0,0,0,0,0,0,0,0,0,0,0,0,0,0,0,0,0,0,0
42202,36,D,3,0,1,0.25,1,106,2,0,18,62,2495,0,0,13,0,0,0,0,0,0,0,0,0,0,0,0,0,0,0,0,0,0,0,0,0
42202,36,D,4,0,3,0.45,0,19,0,0,0,11,179,0,0,0,0,0,0,0,0,0,0,0,0,0,0,0,0,0,0,0,0,0,0,0,0
42202,36,D,5,5,2,4.48,4,0,6,0,0,0,8,0,0,0,0,0,0,0,0,0,0,0,0,0,0,0,0,0,0,0,0,0,0,0,0
42202,36,D,6,5,3,4.46,60,4,2,0,0,0,0,0,0,0,0,0,0,0,0,0,0,0,0,0,0,0,0,0,0,0,0,0,0,0,0
42202,36,D,7,9,2,7.94,15,0,52,0,0,0,55,0,0,0,0,0,0,0,0,0,0,0,0,0,0,0,0,0,0,0,0,0,0,0,0
42202,36,D,8,9,3,7.89,514,0,713,0,0,0,1,0,0,0,0,1,0,0,0,0,0,0,0,0,0,0,0,0,0,0,0,0,0,0,0
42202,36,D,9,13,2,7,3,0,0,0,0,0,43,0,0,0,0,0,0,0,0,0,0,0,0,0,0,0,0,0,0,0,0,0,0,0,0
42202,36,D,10,13,3,11.66,266,0,257,0,0,0,146,0,0,0,0,0,0,0,0,0,0,0,0,0,0,0,0,0,0,0,0,0,0,0,0
42202,36,D,11,0,2,0.35,0,102,0,0,4,70,2400,0,0,0,0,0,0,0,0,0,0,0,0,0,0,0,0,0,0,0,0,0,0,0,0
42211,45,A,1,13,0,11.31,0,0,0,0,0,0,0,0,0,0,0,0,0,0,0,0,0,0,0,0,0,0,0,0,0,0,0,0,0,0,0
42211,45,A,2,0,0,0.26,0,5,0,0,2,12,320,0,0,0,0,0,0,0,0,0,0,0,0,0,0,0,0,0,0,0,0,0,0,0,0
42211,45,A,3,0,1,0.27,0,7,0,0,9,11,635,0,0,0,0,0,0,0,0,0,0,0,0,0,0,0,0,0,0,0,0,0,0,0,0
42211,45,A,4,0,3,0.43,0,91,0,0,41,29,1641,16,0,8,0,0,0,0,0,0,0,0,0,0,0,0,0,0,0,0,0,0,0,0,0
42211,45,A,5,5,2,4.25,447,17,1,0,0,881,439,0,0,0,0,0,0,0,0,0,0,0,0,0,0,0,0,0,0,0,0,0,0,0,0
42211,45,A,6,5,3,4.38,7,5,8,0,0,0,1,0,0,0,0,0,0,0,0,0,0,0,0,0,0,0,0,0,0,0,0,0,0,0,0
42211,45,A,7,9,2,7.7,61,2,53,0,0,0,20,0,0,0,0,0,0,0,0,0,0,0,0,0,0,0,0,0,0,0,0,0,0,0,0
42211,45,A,8,9,3,8.38,0,4,54,0,0,0,20,0,0,0,0,0,0,0,0,0,0,0,0,0,0,0,0,0,0,0,0,0,0,0,0
42211,45,A,9,13,2,10.47,1,0,1,0,0,0,0,0,0,0,0,0,0,0,0,0,0,0,0,0,0,0,0,0,0,0,0,0,0,0,0
42211,45,A,10,13,3,12.79,124,0,0,0,0,0,2,0,0,0,0,0,0,0,0,0,0,0,0,0,0,0,0,0,0,0,0,0,0,0,0
42211,45,A,11,0,2,0.38,0,15,0,0,33,2,2929,0,0,44,0,0,0,0,0,0,0,0,0,0,0,0,0,0,0,0,0,0,0,0,0
42211,45,B,1,13,0,11.9,21,0,3,0,0,0,1,0,0,0,0,0,0,0,0,0,0,0,1,0,0,0,0,0,0,0,0,0,0,0,1
42211,45,B,2,0,0,0.25,0,14,0,0,0,21,521,0,0,0,0,0,0,0,0,0,0,0,0,0,0,0,0,0,0,0,0,0,0,0,0
42211,45,B,3,0,1,0.24,0,32,0,0,0,14,869,0,0,0,0,0,0,0,0,0,0,0,0,0,0,0,0,0,0,0,0,0,0,0,0
42211,45,B,4,0,3,0.41,0,7,0,0,4,11,171,0,0,0,0,0,0,0,0,0,0,0,0,0,0,0,0,0,0,0,0,0,0,0,0
42211,45,B,5,5,2,5.01,19,0,18,0,0,102,114,0,0,0,0,0,0,0,0,0,0,0,0,0,0,0,0,0,0,0,0,0,0,0,0
42211,45,B,6,5,3,4.52,29,1,3,0,0,0,0,0,0,0,0,0,0,0,0,0,0,0,0,0,0,0,0,0,0,0,0,0,0,0,0
42211,45,B,7,9,2,,0,0,0,0,0,0,0,0,0,0,0,0,0,0,0,0,0,0,0,0,0,0,0,0,0,0,0,0,0,0,0
42211,45,B,8,9,3,7.84,348,4,604,0,0,0,195,0,0,0,0,0,0,0,0,0,0,0,0,0,0,0,0,0,0,0,0,0,0,0,0
42211,45,B,9,13,2,11.4,56,2,33,0,0,0,39,0,0,0,0,0,0,0,0,0,0,0,0,0,0,0,0,0,0,0,0,0,0,0,0
42211,45,B,10,13,3,11.12,199,27,320,0,0,0,193,0,0,0,0,0,0,0,0,0,0,0,0,0,0,0,0,0,0,0,0,0,0,0,0
42211,45,B,11,0,2,0.34,0,4,0,0,0,6,263,0,0,0,0,0,0,0,0,0,0,0,0,0,0,0,0,0,0,0,0,0,0,0,0
42211,45,C,1,13,0,10.59,115,0,2,0,0,0,0,0,0,0,0,0,0,0,0,0,0,0,0,0,0,0,0,0,0,0,0,0,0,0,0
42211,45,C,2,0,0,0.23,0,2,0,0,0,12,562,0,0,0,0,0,0,0,0,0,0,0,0,0,0,0,0,0,0,0,0,0,0,0,0
42211,45,C,3,0,1,0.26,0,8,1,0,0,11,678,0,0,0,0,0,0,0,0,0,0,0,0,0,0,0,0,0,0,0,0,0,0,0,0
42211,45,C,4,0,3,0.41,0,29,0,0,17,18,89,0,0,2,0,0,0,0,0,0,0,0,0,0,0,0,0,0,0,0,0,0,0,0,0
42211,45,C,5,5,2,4.18,11,3,24,0,0,133,69,0,0,0,0,0,0,0,0,0,0,0,0,0,0,0,0,0,0,0,0,0,0,0,0
42211,45,C,6,5,3,4.66,15,5,5,1,0,0,0,0,0,0,0,0,0,0,0,0,0,0,0,0,0,0,0,0,0,0,0,0,0,0,0
42211,45,C,7,9,2,7.23,2,0,53,0,0,0,21,0,0,0,0,0,0,0,0,0,0,0,0,0,0,0,0,0,0,0,0,0,0,0,0
42211,45,C,8,9,3,8.5,8,0,21,0,0,0,14,0,0,0,0,0,0,0,0,0,0,0,0,0,0,0,0,0,0,0,0,0,0,0,0
42211,45,C,9,13,2,11.38,82,0,1818,0,0,0,3,0,0,0,0,0,0,0,0,0,0,0,0,0,0,0,0,0,0,0,0,0,0,0,0
42211,45,C,10,13,3,10.42,99,0,184,3,0,0,0,1,0,0,0,0,0,0,0,0,0,0,0,0,0,0,0,0,0,0,0,0,0,0,0
42211,45,C,11,0,2,0.37,0,0,0,0,0,12,105,0,0,0,0,0,0,0,0,0,0,0,0,0,0,0,0,0,0,0,0,0,0,0,0
42211,45,D,1,13,0,9.43,14,0,175,0,0,0,89,0,0,0,0,0,0,0,0,0,0,0,0,0,0,0,0,0,0,0,0,0,0,0,0
42211,45,D,2,0,0,0.24,0,120,0,0,1,5,2390,0,0,0,0,0,0,0,0,0,0,0,0,0,0,0,0,0,0,0,0,0,0,0,0
42211,45,D,3,0,1,0.25,0,4,0,0,14,40,679,0,0,2,0,0,0,0,0,0,0,0,0,0,0,0,0,0,0,0,0,0,0,0,0
42211,45,D,4,0,3,0.38,0,51,0,0,0,14,673,0,0,0,0,0,0,0,0,0,0,0,0,0,0,0,0,0,0,0,0,0,0,0,0
42211,45,D,5,5,2,4.55,0,2,30,0,0,9,13,0,0,0,0,0,0,0,0,0,0,0,0,0,0,0,0,0,0,0,0,0,0,0,0
42211,45,D,6,5,3,4.41,14,2,13,0,0,40,0,0,0,0,0,0,0,0,0,0,0,0,0,0,0,0,0,0,0,0,0,0,0,0,0
42211,45,D,7,9,2,8,34,0,16,0,0,0,0,0,0,0,0,0,0,0,0,0,0,0,0,0,0,0,0,0,0,0,0,0,0,0,0
42211,45,D,8,9,3,7.9,157,0,162,7,0,0,1,0,0,0,0,0,0,0,0,0,0,0,0,0,0,0,0,0,0,0,0,0,0,0,0
42211,45,D,9,13,2,11.38,0,0,1,0,0,0,19,0,0,0,0,0,0,0,0,0,0,0,0,0,0,0,0,0,0,0,0,0,0,0,0
42211,45,D,10,13,3,11.7,24,0,217,0,0,0,0,0,0,0,0,0,0,0,0,0,0,0,0,0,0,0,0,0,0,0,0,0,0,0,0
42211,45,D,11,0,2,0.32,0,43,0,0,2,48,1388,0,0,0,0,0,0,0,0,0,0,0,0,0,0,0,0,0,0,0,0,0,0,0,0
